hydroID (GLAHF database),bottle/vial ID,stream name,TPmgL,TNmgL,SRPmgL,NitratemgL,NH4mgL,DINmgL,Flowlitersday,TPload_kgday,TNload_kgday,SRP percent of TP,DIN percent of TN,Load N:P,urban,barren,forest,shrubland,herbaceous,agriculture,wetland,Strahler order,Areakm2,damspresent,percentwater,percentTP,percentTN
2109492,1,no name,0.083625,0.79117,0.083625,0.444,0.224074,0.668074,3485929.578,0.291510861,2.757962904,100,84.44127052,20.92140954,68.92777559,0,15.55249705,1.350111417,3.598112466,0.294927251,10.27657622,1,13.779,no,0.006115044,0.010247724,0.004851051
2109486,2,sauk creek,0.257468,1.132793,0.23036,0.584456,0.065558,0.650014,22791163.7,5.867995336,25.8176707,89.47131294,57.38153396,9.729366379,14.0999417,0.054348363,3.676913803,0.454549946,0.359687349,77.70531329,3.649245546,3,91.224,no,0.039980434,0.206282529,0.04541136
2109483,3,sucker creek,0.385037,1.074872,0.361291,0.122832,0.187109,0.309941,7307755.268,2.813756165,7.85490152,93.83280048,28.83515433,6.173217031,15.25897541,0.018845997,2.336903603,0.248138958,0.23557496,78.95216258,2.949398499,1,28.7037,no,0.01281932,0.098914315,0.013816187
2109477,4,Barr Creek,0.594784,1.090002,0.525954,0.167758,0.120383,0.288141,6753673.975,4.016977221,7.36151814,88.42773175,26.43490562,4.05252104,20.79471649,0.153251113,2.295117857,0.105816245,1.087353134,68.73312413,6.830621032,2,24.7248,no,0.011847347,0.141212147,0.012948362
2109476,5,no name,0.083526,1.311216,0.061987,1.136372,0.121015,1.257387,912407.1073,0.076209716,1.196362798,74.21281996,95.89472673,34.71441227,18.43775876,0.027601435,2.677339222,0.690035882,1.159260282,63.64890974,13.35909467,1,3.2607,no,0.001600552,0.002679064,0.002104313
2109472,6,Black River,0.28765,0.849248,0.240689,0.002946,0.037237,0.040183,14378730.36,4.136041787,12.211108,83.67425691,4.731597837,6.528710558,27.69814183,0.034129693,5.58589306,0.176336746,0.424725066,50.45506257,15.62571104,2,47.5236,yes,0.025223279,0.145397723,0.02147843
2109470,7,Sheboygan River,0.152648,1.154547,0.139758,0.465884,0.10738,0.573264,350564276.4,53.51293566,404.7429336,91.55573607,49.65272094,16.725448,9.961867832,0.157891008,10.22547577,0.522062873,0.594204812,63.93039913,14.60809858,4,1126.8315,yes,0.614962542,1.881184813,0.711912681
2109468,8,Pigeon River,0.301859,0.899002,0.293435,0.344895,0.138046,0.482941,65053740.03,19.63705691,58.48344239,97.20929308,53.71968027,6.585879642,11.57883038,0.143146102,10.96534708,0.469003534,0.568583432,70.66260641,5.612483051,3,203.3235,yes,0.11411777,0.690317823,0.10286802
2109460,10,centerville creek,0.308803,6.624621,0.162228,6.54053,0.084091,6.624621,7115451.769,2.197272853,47.13717121,52.53446372,100,47.43913777,16.08668965,0.165258039,6.336465367,0.198309646,0.64686718,71.46701922,5.099390906,2,19.1385,yes,0.01248198,0.077242563,0.082910774
2109462,11,sevenmile creek,0.227299,5.264,0.192017,1.460982,0.199047,1.660029,9611723.75,2.184735197,50.59611382,84.47771438,31.53550532,51.21245747,11.07430042,0.022515278,4.509488582,0.070762303,0.63042779,78.41749759,5.275008041,2,28.0035,no,0.01686096,0.076801817,0.088994797
2109458,12,Fischer Creek,0.069925,3.427862,0.040266,3.403697,0.024165,3.427862,11346934.07,0.793434365,38.89572411,57.58455488,100,108.4047009,5.453114119,0.27553214,6.098040997,0.393617343,0.387561692,82.41438823,4.977745481,2,29.7711,no,0.019904879,0.027892259,0.068414682
2109456,13,Point Creek,0.121349,2.536305,0.105722,2.313117,0.069377,2.382494,21843062.46,2.650633787,55.40066854,87.12226718,93.93562683,46.21921199,6.405239198,0.159731651,4.523600351,0.372174746,0.420094242,80.25077869,7.86838112,2,56.412,no,0.038317268,0.093179938,0.097445651
2109455,14,Pine Creek,0.059851,5.874979,0.038169,5.786504,0.088475,5.874979,11094840.88,0.664037322,65.18195721,63.77337054,100,217.0661824,8.499408208,0.188733566,3.582738876,0.687757909,0.594990563,79.75432648,6.6920444,2,28.2276,no,0.019462655,0.023343457,0.114650209
2109453,15,Calvin Creek ,0.215858,2.87,0.16188,2.578376,0.084605,2.662981,7293370.206,1.574332306,20.93197249,74.99374589,92.78679443,29.40160296,8.99868312,0.102424036,3.570209238,1.760717944,1.555869873,69.83856021,14.17353558,2,18.6966,no,0.012794086,0.055343815,0.036817781
2109452,16,Silver Creek,0.181127,1.574351,0.141481,0.836331,0.096333,0.932664,24352005.98,4.410805786,38.33860496,78.11149083,59.24117303,19.22098462,12.92059603,0.152425995,3.797828998,0.995754865,0.556995926,73.47075415,8.105644035,2,63.819,no,0.042718476,0.155056731,0.067434751
2109449,17,Manitowac River,0.165048,1.517932,0.063779,0.199089,0.022692,0.221781,520590414.7,85.92240677,790.2208494,38.64269788,14.61073355,20.33758173,7.850644247,0.297446564,6.278795288,0.486261621,0.582786206,69.64629264,14.85777344,5,1368.0153,yes,0.913223698,3.020501953,1.389939631
2109448,18,Little Manitowac River,0.063047,1.474073,0.016004,0.966245,0.155458,1.121703,13585959.94,0.856554017,20.02669673,25.38423716,76.09548509,51.70253366,30.561601,1.278298937,3.727329581,0.205128205,1.265791119,58.34396498,4.617886179,2,36.0846,no,0.023832595,0.030111157,0.035225468
2109446,19,no name,0.112,1.020777,0.071999,0.56148,0.115334,0.676814,1626098.27,0.182123006,1.659883714,64.28482143,66.30380583,20.15441116,9.481216458,0,1.132975552,0.477042338,1.90816935,69.76744186,17.23315444,1,4.5279,no,0.002852514,0.006402322,0.002919612
2109445,20,east twin,0.079361,1.108053,0.003464,0.130971,0.01074,0.141711,264380914,20.98153372,292.9480649,4.364864354,12.78918969,30.87526281,7.77417443,0.28704503,8.896217861,1.028157696,0.637024453,71.19037711,10.18700342,5,788.1003,yes,0.463779027,0.737581336,0.515273832
2109444,21,molash creek,0.210947,1.075262,0.181493,0.092725,0.122843,0.215568,11498680.81,2.42561222,12.36409452,86.03725106,20.0479511,11.27192798,6.118660429,0.004950373,2.019751986,0.690576966,0.185638969,52.31306156,38.66735972,2,36.4203,no,0.020171074,0.085269567,0.021747522
2109435,22,no name,0.140462,6.752745,0.107715,6.653006,0.099739,6.752745,3747513.007,0.526383172,25.30599972,76.68622118,100,106.311137,4.995611962,0.020252481,1.464929454,0.850604199,0,85.16168231,7.506919598,1,13.3857,no,0.006573916,0.018504386,0.044511369
2109430,23,no name,0.07723,2.488126,0.050773,2.229518,0.118237,2.347755,1450942.158,0.112056263,3.610126907,65.74258708,94.35836449,71.24322905,5.940274415,0.0322841,0.920096852,0.629539952,0,91.23486683,1.242937853,1,5.5755,no,0.002545254,0.003939207,0.006349944
2109429,24,no name,0.051936,2.596884,0.031095,2.493086,0.103798,2.596884,1367643.68,0.071029942,3.55161199,59.87176525,100,110.5710193,5.805182027,0.016398819,3.788127255,0,0,87.48770089,2.902591013,1,5.4882,no,0.002399131,0.002496975,0.006247021
2109427,25,no name,0.119162,8.097311,0.104839,7.9861,0.111211,8.097311,5088634.535,0.606371868,41.2042564,87.9802286,100,150.2658516,5.820231856,0.067492457,3.390503414,0.349372717,0,86.25932984,4.113069716,2,22.6692,yes,0.008926522,0.021316295,0.072475219
2109419,26,no name,0.127418,1.552659,0.087911,0.608433,0.100592,0.709025,1089057.086,0.138765476,1.690934286,68.99417665,45.66521046,26.94651227,10.4387292,0.015128593,1.573373676,0.832072617,0,83.40393343,3.736762481,1,5.9958,no,0.001910432,0.004878138,0.002974227
2109417,27,kewaunee river,0.057314,0.886901,0.005952,0.328029,0.017937,0.345966,67290338.52,3.856678462,59.67986852,10.38489723,39.00841244,34.21934449,6.662635945,0.102637116,8.192928522,0.618504424,0.418593652,77.69166445,6.313035889,4,369.9585,yes,0.118041228,0.135577031,0.104972445
2109415,28,mashek creek,0.067906,0.745109,0.037991,0.090331,0.054967,0.145298,3074908.319,0.208804724,2.291141863,55.94645539,19.50023419,24.26436447,3.990312536,0.02306539,5.051320494,0.611232845,0,72.76554031,17.55852843,2,15.6078,yes,0.005394028,0.007340286,0.004029948
2109404,29,threemile creek,0.039503,2.362544,0.030727,2.289101,0.073443,2.362544,3766892.715,0.148803563,8.899449782,77.78396577,100,132.2534736,4.62585034,1.094104308,6.485260771,2.318594104,0.028344671,69.65419501,15.79365079,2,15.957,no,0.006607912,0.005231016,0.015653469
2109400,30,ahnapee river,0.041893,1.022675,0.004585,0.30564,0.056493,0.362133,80063885.97,3.354116375,81.87933458,10.94454921,35.41036986,53.98255531,6.350424224,0.13055335,6.919624934,0.531432429,0.09873283,71.53520628,14.43402595,4,303.3936,yes,0.140448683,0.117910047,0.144019652
2109391,31,silver creek,0.049669,4.721,0.030169,4.537012,0.043873,4.580885,4565174.72,0.226747663,21.55218985,60.74009946,97.03209066,210.1869968,4.948656959,0.011602947,2.610663108,1.537390497,0.150838313,65.2259674,25.51488078,1,15.5133,no,0.008008265,0.00797105,0.037908697
2109387,32,stony creek,0.148956,1.792506,0.114306,0.306356,0.047016,0.353372,19139965.96,2.85101277,34.30850383,76.73809716,19.71385312,26.61091926,4.572342126,0.001453383,7.945643485,0.876389797,0.180219461,63.63781702,22.78613473,2,61.9299,no,0.033575475,0.100224027,0.060346103
2109385,33,no name,0.05705,2.662263,0.026231,2.040736,0.057863,2.098599,1000355.838,0.057070301,2.663210335,45.97896582,78.82763649,103.1935536,7.361618432,0.02809778,1.882551278,1.348693453,0,76.42596235,12.95307671,1,3.2031,no,0.001754832,0.00200624,0.004684389
2109379,34,bear creek,0.018938,2.685489,0.007838,2.604637,0.034256,2.638893,4092068.931,0.077495601,10.9892061,41.38768613,98.26489701,313.5786791,5.708534043,0.007189589,3.810482421,1.495434611,0.086275074,79.5743763,9.317707959,1,12.5181,no,0.007178339,0.002724267,0.019329195
2109378,35,schuyler,0.070761,0.663537,0.007721,0.11922,0.02297,0.14219,2557411.423,0.18096499,1.696937104,10.91137774,21.4290989,20.73616519,5.29118907,0.023156188,4.133379646,0.856778974,0.254718073,81.76450156,7.676276485,1,7.7733,no,0.004486231,0.006361613,0.002984786
2109375,36,woodard creek,0.036792,1.605364,0.023932,1.317145,0.051577,1.368722,1944889.895,0.071556389,3.122256222,65.04674929,85.25929322,96.48890635,3.917590136,0.015607929,6.820664898,2.684563758,0.124863431,69.09630092,17.34040893,1,5.7663,no,0.003411741,0.002515481,0.005491816
2109373,37,Claybanks Creek,0.021555,2.726224,0.014298,2.692192,0.034032,2.726224,3154259.609,0.067990066,8.599218249,66.33263744,100,279.6860273,6.077835506,0.00980296,5.724928929,1.842956573,0.323497696,66.13077149,19.89020684,2,9.1809,no,0.005533226,0.002390111,0.015125385
2109365,38,Strawberry Creek,0.058535,1.50497,0.010854,0.785593,0.105588,0.891181,3300273.898,0.193181533,4.966813209,18.5427522,59.21586477,56.85510695,4.331987792,0,4.824259132,0.413507926,0,38.88943586,51.54080929,2,9.1413,no,0.005789366,0.006791071,0.008736255
2109352,39,no name,0.057482,1.767368,0.027878,1.614934,0.152434,1.767368,2304794.167,0.132484178,4.073419458,48.49866045,100,67.99114857,55.45043773,0,4.57497882,0,0.45184976,38.94380119,0.578932505,1,6.3747,no,0.004043088,0.004657327,0.007164842
2109350,40,big creek,0.012246,3.809474,0.008532,3.783008,0.026466,3.809474,8717591.331,0.106755623,33.20943752,69.67172954,100,687.9042925,9.465671867,0.056522722,8.165649258,0.998568091,0.48609541,71.27515261,9.552340041,2,23.8842,no,0.015292466,0.003752869,0.058412928
2109349,41,no name,0.054935,9.525383,0.045723,9.481752,0.043631,9.525383,3816096.854,0.209637281,36.3497841,83.23109129,100,383.4339635,6.745027125,0.13562387,2.974683544,0.235081374,0,58.83363472,31.07594937,2,9.954,no,0.006694226,0.007369554,0.063936563
2109345,42,lily bay creek,0.025094,3.135124,0.015853,3.116246,0.018878,3.135124,17608713.78,0.441873064,55.20550118,63.17446402,100,276.2753194,5.805016583,0.083411118,14.66248287,0.855956944,0.041705559,70.18846941,8.36295752,2,45.3177,no,0.030889341,0.015533532,0.097102366
2109341,43,shivering sands creek,0.016242,0.833723,0.007838,0.038654,0.032119,0.070773,12505792.69,0.203119085,10.426367,48.25760374,8.488790641,113.5114149,4.579601271,0.005778677,5.457960127,1.066165848,0.054897428,68.65067899,20.18491765,2,31.3929,no,0.021937757,0.007140414,0.018339203
2109325,44,whitefish bay creek,0.008804,0.885034,0.002811,0.329534,0.05194,0.381474,27971649.21,0.2462624,24.75586059,31.92866879,43.10275085,222.2988326,5.796077545,0.01554287,18.23461256,0.666930424,0.440852314,53.40812751,21.43785678,3,67.6458,yes,0.049068082,0.008657067,0.043543715
2109313,45,hibbard creek,0.011241,2.199208,0.004937,2.170307,0.028901,2.199208,23340562.61,0.262371264,51.33075201,43.91958011,100,432.6319804,6.425046679,0.02667378,16.97619365,0.426780475,0.513470259,55.84822619,19.78360896,3,54.0468,no,0.040944194,0.009223356,0.09028697
2109309,46,heins creek,0.014703,0.776935,0.002499,0.126387,0.1234,0.249787,18100677.54,0.266134262,14.06304991,16.99653132,32.15030858,116.8519569,7.205234742,0.136839748,20.28711467,0.626974846,0.584678924,56.81337546,14.3457816,2,40.9536,yes,0.031752347,0.009355639,0.024735858
2109284,47,reiboldt creek,0.011739,0.842129,0.002878,0.011217,0.012497,0.023714,16761853.56,0.196767399,14.11564298,24.5165687,2.815958125,158.637107,5.674989314,0.007543185,8.626888939,0.41487516,1.903396948,33.82866913,49.54363732,2,36.4563,yes,0.029403772,0.006917128,0.024828365
2109266,48,three springs,0.014065,0.531935,0.007397,0.282556,0.029452,0.312008,10863282.01,0.152792061,5.778559915,52.59153928,58.65528683,83.63269484,5.922211163,0.581885001,9.70063548,0.47852385,0.057422862,62.20044407,21.05887757,2,23.5098,no,0.019056453,0.005371227,0.010164057
2109274,49,fish creek,0.031167,0.645378,0.012398,0.058332,0.049419,0.107751,12527119.01,0.390432718,8.08472701,39.7792537,16.69579688,45.79060869,8.360595025,0.092586877,43.82136905,0.595642244,0.015431146,23.1220295,23.99234615,2,29.1618,yes,0.021975168,0.013725207,0.014220433
2109344,50,larson creek,0.117513,3.37,0.047712,1.807604,0.061157,1.868761,8978819.572,1.055128024,30.25862196,40.60146537,55.45284866,63.41635087,6.435130596,0.053596313,9.1506771,0.450209026,0.400185801,62.10383392,21.40636724,2,25.1991,no,0.015750714,0.037091795,0.053222663
2109348,51,May Creek,0.039272,0.850652,0.022177,0.307346,0.101539,0.408885,7043262.581,0.276603008,5.991365401,56.47025871,48.06724724,47.89896939,3.954345286,2.52089512,12.28093826,0.516761032,0.076390761,56.16518379,24.48548576,1,20.0619,no,0.012355345,0.009723656,0.010538366
2109357,52,Kreuger Creek,0.034658,0.687812,0.010635,0.056823,0.016072,0.072895,2949898.532,0.102237583,2.028975609,30.685556,10.59809948,43.8857487,3.865284974,0,6.704663212,0.373056995,0.051813472,78.03108808,10.97409326,1,8.685,no,0.005174735,0.003594043,0.003568817
2109362,53,Molvitz Creek,0.023879,1.723197,0.01101,0.749388,0.021979,0.771367,5333454.903,0.12735757,9.190593489,46.10745844,44.76371535,159.579116,3.722042001,0.005691196,13.25479483,0.591884355,0.028455979,51.23783507,31.15929657,1,15.8211,no,0.009355987,0.004477107,0.01616557
2109361,54,keyes creek,0.025431,0.9609,0.008252,0.069665,0.051798,0.121463,10683240.5,0.271685489,10.26552579,32.44858637,12.64054532,83.55491779,4.143662132,0.059764358,17.22067278,0.566338437,0.167909386,53.95583129,23.88582162,2,31.644,no,0.018740622,0.009550786,0.018056295
2109359,55,Twin Harbor Creek,0.085235,1.202286,0.03635,0.012897,0.043873,0.05677,3929281.233,0.334912286,4.724119817,42.64680002,4.721838232,31.19227745,5.272557851,0,12.16803852,1.125951235,0.031060724,67.47942227,13.92296941,2,11.5902,no,0.006892775,0.011773451,0.008309375
2109371,56,sugar creek,0.278484,1.007824,0.235696,0.08737,0.16058,0.24795,12429190.28,3.461330626,12.52643627,84.635383,24.60250996,8.002795306,7.05859833,0.066996866,4.62756921,0.36848276,0.291914914,84.93766899,2.648768933,2,37.6506,yes,0.021803381,0.121679039,0.022033069
2109382,57,renard creek,0.052961,9.064897,0.035515,8.9919,0.072997,9.064897,5543973.756,0.293614394,50.25555107,67.0587791,100,378.4983213,7.437180848,0.733100763,19.54092725,1.193184691,0.313463775,62.44501744,8.337125234,1,17.802,yes,0.009725281,0.010321671,0.088395772
2109383,58,fabry creek,0.064171,1.811943,0.044482,1.734822,0.077121,1.811943,2051422.972,0.131641864,3.717061494,69.31791619,100,62.44001305,7.006711409,1.22147651,23.97315436,0.711409396,1.677852349,60.7114094,4.697986577,1,6.705,no,0.003598622,0.004627716,0.006538034
2109392,59,red river,0.086721,5.175407,0.05053,5.127723,0.047684,5.175407,11861473.18,1.028638816,61.38795135,58.26731703,100,131.9706915,4.28710694,0.387675984,17.32299531,0.725475527,0.299258655,58.81112698,18.16636061,2,39.7251,no,0.020807487,0.036160597,0.107976835
2109395,60,no name,0.237742,2.984,0.12569,2.803387,0.032662,2.836049,1715284.918,0.407795267,5.118410196,52.86823531,95.04185657,27.75557109,9.964412811,0,7.148383104,0.402289958,0.247563051,81.66486152,0.572489556,1,5.8167,no,0.003008966,0.014335567,0.009002902
2109397,61,no name,0.15543,2.205461,0.10471,1.858011,0.126486,1.984497,2403437.28,0.373566256,5.300687187,67.36794699,89.98105158,31.37774983,7.926625903,0,6.37020567,0.25569761,0.311284047,80.83379655,4.302390217,1,8.1,no,0.004216128,0.013132286,0.009323514
2109407,62,no name,0.148912,0.636226,0.086539,0.069404,0.144924,0.214328,9839339.888,1.465195781,6.260043859,58.11418825,33.68740039,9.447980259,8.19179271,1.205678155,8.480039673,0.31614183,0.046491446,75.43392016,6.325936028,2,29.043,no,0.017260245,0.051507248,0.011010951
2109414,63,no name,0.053658,0.682893,0.040241,0.497355,0.058918,0.556273,2687712.969,0.144217302,1.835420372,74.99534086,81.45829581,28.14332724,32.88582487,0.03628447,7.740686986,0.205611998,0.737784228,45.17416546,13.21964199,1,7.4943,yes,0.004714807,0.005069791,0.003228368
2109413,64,fox river,0.145668,1.476482,0.038169,0.018405,0.008553,0.026958,6419485057,935.1135493,9478.254136,26.20273499,1.825826525,22.41409767,9.000175378,0.118548142,26.27638864,0.44955093,0.636179976,44.25628538,19.26287155,6,16468.8534,yes,11.26110992,32.87282571,16.67154323
2109402,65,suamico river,0.180798,1.307608,0.057544,0.005793,0.017733,0.023526,60396674.68,10.91959799,78.97517498,31.82778571,1.799163052,15.99341504,10.25583149,0.092852416,15.91880287,0.339603864,0.267271319,66.3746005,6.751037536,3,175.9743,no,0.10594831,0.383865726,0.138911452
2109396,66,no name,0.196446,0.943967,0.150931,0.003181,0.024613,0.027794,2143477.551,0.421077591,2.023372073,76.83078301,2.94438259,10.62602621,11.49072857,0.350416119,26.36881297,2.657322237,0.62782888,41.13009198,17.37479924,1,6.1884,no,0.003760105,0.014802491,0.003558961
2109394,67,no name,0.05737,1.153497,0.022046,0.364403,0.195593,0.559996,4095108.181,0.234936356,4.723695002,38.42774969,48.54767719,44.46198831,14.99577476,0,45.64799877,1.006376277,1.313666743,20.01997388,17.01620957,2,11.745,no,0.00718367,0.008258913,0.008308628
2109388,68,little suamico river,0.279384,0.888256,0.190947,0.112957,0.117866,0.230823,56260001.28,15.7181442,49.9732837,68.34571772,25.9860896,7.030624116,10.55774507,0.375290165,17.89472483,0.587460289,0.519018314,61.33199491,8.733766419,3,158.0949,no,0.098691726,0.552553019,0.087899285
2109386,69,tibbet creek,0.161281,0.998924,0.101284,0.044218,0.168645,0.212863,12499292.7,2.015898425,12.48584346,62.79970982,21.30922873,13.6964022,7.264879952,0.067195617,29.50921355,0.612513891,0.294626935,44.18628693,18.06528313,2,34.9533,no,0.021926355,0.070866557,0.021961669
2109374,70,no name,0.0298,1.915196,0.008931,1.871453,0.043743,1.915196,3363833.479,0.100242238,6.442400424,29.96979866,100,142.1196806,4.981420106,0.090388671,28.05061766,4.690167721,1.717384754,43.3263031,17.14371799,1,8.9838,no,0.005900862,0.003523899,0.011331703
2109368,71,pensaukee,0.132142,0.73551,0.100238,0.102642,0.069865,0.172507,138384548.1,18.28641096,101.783219,75.85627582,23.45406589,12.30849538,6.334529222,0.432327665,19.7434655,0.42956599,1.006253939,56.39315205,15.66070563,4,359.6715,no,0.242755236,0.64283744,0.179029103
2109366,72,no name (pecor point creek),0.063594,0.958589,0.019205,0.01019,0.020005,0.030195,4097631.378,0.26058477,3.927944365,30.19938988,3.149942259,33.33293529,4.511986301,0,51.37842466,3.535958904,1.267123288,5.077054795,34.22945205,1,10.521,no,0.007188096,0.009160554,0.006908962
2109351,73,no name,0.072349,0.991331,0.007788,0.013045,0.163401,0.176446,3809281.985,0.275597742,3.776259319,10.7644888,17.79889865,30.30005489,10.39924847,0.037576327,37.1723814,4.161578206,1.277595115,8.990136214,37.96148426,1,9.6327,no,0.006682272,0.009688317,0.006642159
2109342,74,oconto river,0.044956,0.700452,0.020627,0.184399,0.038232,0.222631,1041386160,46.81655622,729.4410187,45.8826408,31.78390525,34.45466073,5.218166101,0.022512193,41.96702656,0.884896759,1.27813159,21.82178284,28.80748396,5,2530.0449,yes,1.826807588,1.645781407,1.283032435
2109335,75,no name,0.116667,0.552097,0.075904,0.003196,0.033455,0.036651,8290233.544,0.967196677,4.577013069,65.06038554,6.638507364,10.46464783,9.960232207,0.118846277,9.722539654,0.868492024,0.950770215,57.06449696,21.31462266,1,19.7631,no,0.014542791,0.034000671,0.008050625
2109327,76,no name,0.275785,1.311063,0.157641,0.004557,0.035604,0.040161,9059422.537,2.498452844,11.87747369,57.16083181,3.063239524,10.51260099,6.688311688,0,14.16883117,0.593073593,1.12987013,50.69264069,26.72727273,2,20.8368,no,0.015892108,0.087830194,0.020891592
2109324,77,thomas slough,0.057221,1.332776,0.03146,0.005193,0.034526,0.039719,18268945.25,1.045367316,24.34841177,54.9798151,2.980170711,51.50613727,5.454703002,0.012997704,9.988735323,1.119968806,0.814522768,43.13937871,39.46969369,3,41.5629,no,0.032047524,0.036748668,0.042827043
2109321,78,no name,0.026234,1.207496,0.006337,0.005248,0.061468,0.066716,1293615.498,0.033936709,1.56203554,24.15567584,5.525152878,101.78375,1.905654483,0.031240237,35.70759138,1.21836926,0,12.96469853,48.17244611,1,2.8809,no,0.00226927,0.001193005,0.002747504
2109320,79,no name ,0.026389,0.929242,0.009498,0.524773,0.152775,0.677548,24039351.16,0.634374438,22.33837475,35.99226951,72.91405253,77.86874198,7.353440087,0.11874067,25.22899986,2.205183878,0.627629258,34.96743113,29.49857511,3,53.2566,no,0.042170014,0.022300693,0.039291538
2109316,80,peshtigo river,0.040766,0.807324,0.004927,0.098326,0.041481,0.139807,1235818463,50.37937548,997.7059051,12.0860521,17.3173348,43.79323462,4.550464175,0.041507132,44.14991087,1.886679211,1.236621926,15.7657292,32.36908748,5,2919.4038,yes,2.167882225,1.771028161,1.754890394
2109314,81,no name,0.04382,2.042843,0.014582,0.185633,1.045059,1.230692,2948282.983,0.12919376,6.022879253,33.27704245,60.24408141,103.0907925,5.521472393,0,36.27463778,1.527215768,0.143584388,15.9770265,40.55606318,1,6.9048,no,0.005171901,0.004541656,0.010593796
2109307,82,little river,0.025235,0.498866,0.006632,0.16664,0.14852,0.31516,14857939.56,0.374940105,7.412120876,26.28095899,63.17528154,43.71574233,10.35259418,0.466550476,26.50489342,1.362112884,7.017026411,14.22174554,40.07507709,2,33.7212,no,0.026063912,0.013180582,0.013037369
2109301,83,no name,0.02205,0.61516,0.005852,0.281079,0.102652,0.383731,3799230.304,0.083773028,2.337134514,26.53968254,62.37905586,61.69312296,70.88487155,0,3.848186912,0,1.247489164,1.63865102,22.38080135,1,8.5293,no,0.006664639,0.002944943,0.004110846
2109298,84,Menominee River,0.029504,0.605754,0.00325,0.043814,0.020129,0.063943,4701502225,138.7131217,2847.953779,11.01545553,10.55593525,45.40175617,4.015014316,0.142125803,55.09010367,2.028439597,2.475071648,4.45791409,31.79133087,6,10535.0895,yes,8.247411258,4.876297939,5.009338626
2109283,85,hay creek,0.086465,1.629628,0.015737,0.887219,0.128182,1.015401,1577541.47,0.136402123,2.570805751,18.20042792,62.30876004,41.67785822,59.75512377,0,14.98536066,0,0.266169816,18.71173809,6.281607666,1,3.3894,no,0.002767335,0.004795057,0.004521856
2109273,86,Turtle Creek,0.045163,1.066205,0.020799,0.241866,0.086544,0.32841,6719229.543,0.303460564,7.164076135,46.05318513,30.80176889,52.20537177,14.51501662,0.250799423,19.88839426,0.175559596,5.749576776,10.75302527,48.66762806,2,14.3811,no,0.011786924,0.010667802,0.012601076
2109272,87,bis creek,0.035735,0.843517,0.007408,0.042662,0.067993,0.110655,2658500.194,0.095001504,2.242490108,20.73037638,13.11828926,52.19841477,10.57934509,0,15.28652393,0.125944584,3.794080605,15.28652393,54.92758186,1,5.7321,no,0.004663561,0.003339667,0.003944373
2109270,88,springer creek,0.044409,1.116812,0.017014,0.198831,0.10687,0.305701,6406808.002,0.284519937,7.155200058,38.31205386,27.37264643,55.61172143,6.260564296,0.039006631,25.87439865,0.214536471,2.743466389,10.26524509,54.60278247,2,13.8537,no,0.011238872,0.010001966,0.012585464
2109257,89,beattie creek,0.041627,0.997334,0.023725,0.274863,0.024003,0.298866,10269726.76,0.427497916,10.24234767,56.99425853,29.96649066,52.98131978,5.266286258,0.075289269,30.63877001,0.836107149,2.555872563,10.23934062,50.38833413,2,22.7124,no,0.018015233,0.01502819,0.018015527
2109245,90,johnson creek,0.027879,0.693144,0.019217,0.137786,0.066389,0.204175,7633446.916,0.212812867,5.291077929,68.93001901,29.45636116,54.97984829,2.444258348,0.047105621,8.49994766,0.0994452,0.989218047,11.4676018,76.45242332,2,17.1954,no,0.013390651,0.007481188,0.009306612
2109240,91,no name,0.019371,1.140604,0.008027,0.113217,0.161003,0.27422,4971812.194,0.096308974,5.670868876,41.43823241,24.04164811,130.2087321,3.92701309,0,19.84926616,0.388734629,0.69813566,6.021420071,69.11543038,2,11.3445,no,0.008721591,0.00338563,0.009974636
2109237,92,fowler creek,0.026003,0.848082,0.005104,0.04611,0.076581,0.122691,4473037.936,0.116312405,3.793502959,19.6285044,14.46687938,72.12264582,1.557276087,0.00879817,42.31039944,1.240541967,1.645257786,1.205349287,52.03237727,1,10.2294,no,0.007846637,0.004088827,0.006672489
2109234,93,releau creek,0.023779,0.740502,0.01389,0.15394,0.062488,0.216428,6987940.013,0.166166226,5.174583556,58.41288532,29.22719993,68.86362965,3.644371043,0,29.09991742,4.08477842,1.42031379,0.357830994,61.39278833,2,16.3485,no,0.012258298,0.00584138,0.009101707
2109230,94,cedar river,0.019406,0.96882,0.005349,0.064314,0.033286,0.0976,344079111.8,6.677199243,333.3507251,27.56364011,10.07411077,110.398794,4.338258993,0.24910546,29.93198765,1.823932698,2.314058616,8.030045615,53.31261096,4,825.165,yes,0.603586217,0.234729148,0.586339103
2109224,95,deer creek,0.043872,1.174237,0.01052,0.022685,0.025446,0.048131,21638533.67,0.949325749,25.40876686,23.97884756,4.098916999,59.18689927,2.499042034,0.013328224,31.74949603,2.690635256,1.376139147,0.043316729,61.62804258,3,54.0252,no,0.037958482,0.033372439,0.044692129
2109217,96,bark river,0.015354,0.895648,0.006309,0.637831,0.03131,0.669141,50325417.93,0.772696467,45.07385992,41.09026964,74.71026564,128.9950618,5.33322624,0.543496449,27.73103619,1.221528349,2.538101645,17.12281547,45.50979565,3,135.0036,no,0.088281234,0.027163243,0.079281563
2109206,97,sunny brook,0.027558,0.792922,0.007595,0.108327,0.075777,0.184104,7615015.245,0.20985459,6.038113118,27.56005516,23.21842502,63.62679281,3.937387116,0.004013646,26.20509733,2.319887618,2.628938391,3.724663857,61.18001204,2,22.4352,no,0.013358318,0.007377193,0.010620591
2109205,98,ford river,0.017171,0.856213,0.004622,0.01452,0.054287,0.068807,407178588.1,6.991663536,348.6316005,26.91747714,8.036201272,110.2664747,2.974870282,0.124574671,39.84512949,2.899959681,2.870342109,4.139451284,47.14567248,5,1197.5184,no,0.714275802,0.245783774,0.613217025
2109203,99,portage creek,0.01358,1.248601,0.006556,0.50227,0.138247,0.640517,25294937.92,0.343505257,31.58328478,48.27687776,51.29877359,203.3205001,15.45003977,1.574986233,18.74931163,1.929878235,2.267637521,4.86936303,55.15878358,3,73.6056,no,0.044372574,0.012075526,0.055552646
2109188,100,escanaba river,0.053213,0.899636,0.035328,0.298731,0.169535,0.468266,832530500.6,44.30144553,748.9744094,66.38979197,52.05060713,37.38577111,4.077513373,1.786165899,46.12348589,4.743332618,4.330343096,2.565129936,36.37402919,5,2504.3265,yes,1.460431389,1.557365626,1.317390214
2109159,101,days river,0.008128,0.323316,0.002147,0.083821,0.011041,0.094862,68715259.07,0.558517626,22.2167427,26.4148622,29.34033577,87.96314791,4.191662821,0.025820203,37.46896082,2.921528556,1.29155954,2.953941152,51.14652691,3,164.0619,yes,0.120540834,0.019634035,0.039077596
2109152,102,tacoosh river,0.012362,0.48217,0.003731,0.044802,0.028633,0.073435,33855961.33,0.418527394,16.32432887,30.18120045,15.23010556,86.25190723,5.905091659,0.101975478,37.17243342,2.592074371,1.395641141,6.980577229,45.8522067,2,75.9537,no,0.059390387,0.014712842,0.028713279
2109151,103,rapid river,0.010568,0.577361,0.0015,0.031364,0.020279,0.051643,161214654.2,1.703716466,93.07905398,14.19379258,8.944663737,120.8125081,2.897518139,0.058408568,37.15011505,1.529700253,1.098685304,3.090367118,54.17520556,3,357.9048,yes,0.282803983,0.059892164,0.163719125
2109161,104,black george,0.014696,0.500619,0.005147,0.008516,0.026298,0.034814,10193221.08,0.149799577,5.102920144,35.02313555,6.954190712,75.32956261,11.74231645,0.181417188,31.58437678,6.114826409,21.41078543,8.348747866,20.61752988,2,25.4502,no,0.017881027,0.005266029,0.008975657
2109187,105,squaw creek,0.043925,1.221607,0.019407,0.11605,0.062279,0.178329,25683368.9,1.128141979,31.37498324,44.18212863,14.5979026,61.50026728,3.402151788,0.154240995,23.79483419,2.565204749,3.907859969,5.183508856,60.99219945,2,71.2215,no,0.045053963,0.039658515,0.055186259
2109201,106,wilsey bay creek,0.010632,0.454222,0.002989,0.091375,0.105544,0.196919,9910869.972,0.10537237,4.50173518,28.11324304,43.35303002,94.47359851,3.828187724,0.029194949,7.984818626,0.609444566,4.685789358,4.714984308,78.14758047,2,25.0461,no,0.017385724,0.003704243,0.007918217
2109193,107,granskrog creek,0.042612,1.154805,0.006578,0.041732,0.044703,0.086435,7888048.539,0.336125524,9.109157893,15.43696611,7.484813453,59.92858148,2.326156892,0.10888394,12.20984905,1.529324425,3.217025489,1.742143034,78.86661717,2,18.9576,no,0.013837275,0.011816101,0.01602233
2109184,108,martin creek,0.048324,0.730267,0.023504,0.187139,0.159756,0.346895,7402489.032,0.35771788,5.405793458,48.63835775,47.50248882,33.41766191,3.456852792,0.61928934,29.8680203,3.538071066,7.335025381,1.015228426,54.16751269,2,17.7345,no,0.012985503,0.012575155,0.009508388
2109173,109,big river,0.056188,1.467362,0.009037,0.022649,0.084515,0.107164,5527494.069,0.310578837,8.110834752,16.08350537,7.303173995,57.74986257,2.405357387,0.225502255,19.05152385,0.813174798,4.701380347,0.90200902,71.90105234,2,13.176,no,0.009696372,0.010918037,0.014266354
2109172,110,little river,0.063087,1.311415,0.008427,0.159907,0.142313,0.30222,7340540.665,0.463092689,9.626495137,13.35774407,23.04533653,45.96820356,3.990755008,0.041088855,27.03133025,2.886492039,9.090909091,4.411915768,52.54750899,2,17.5311,no,0.012876833,0.016279483,0.016932288
2109165,111,ogontz river,0.009794,0.731612,0.008182,0.144433,0.069464,0.213897,37142501.15,0.363773656,27.17389955,83.54094343,29.23639853,165.1878046,3.979249313,0.042722002,27.15898688,1.520699827,1.747533313,0.826975893,64.72383277,2,88.5465,no,0.06515566,0.012788038,0.047796866
2109144,112,Whitefish River,0.016063,0.464916,0.006421,0.075763,0.073835,0.149598,390754972.6,6.276697125,181.6682388,39.97385295,32.1774256,64.00370193,2.251889271,0.20348601,44.58160658,2.325586645,2.062059283,3.544584089,45.03078812,5,800.1297,yes,0.68546537,0.220649964,0.319540904
2109170,113,sturgeon river,0.008613,0.354548,0.004536,0.103789,0.058955,0.162744,257438949.5,2.217321672,91.27446468,52.6645768,45.90182429,91.02859789,2.545166026,0.349793334,44.334798,2.351940644,1.935349329,0.19224785,48.29070482,3,568.1772,yes,0.451601379,0.077947356,0.160544987
2109149,114,fishdam river,0.011963,0.282853,0.004718,0.082905,0.030557,0.113462,113949820.8,1.363181706,32.23104867,39.43826799,40.1134158,52.28510052,3.756933189,0.146098827,47.04716799,2.43832622,3.559160731,8.345477256,34.70683579,3,244.161,no,0.19989165,0.047921062,0.056692015
2109148,115,hog island creek,0.019,0.794683,0.006849,0.04505,0.077286,0.122336,20386074.2,0.38733541,16.20046661,36.04736842,15.39431446,92.49059693,4.317850448,0.054155384,35.42803583,4.030410331,4.265777963,0.110393668,51.79337638,3,43.4286,no,0.035761408,0.013616324,0.028495414
2109167,116,velentine creek,0.018,0.89019,0.006206,0.160789,0.05439,0.215179,11297259.66,0.203350674,10.05670758,34.47777778,24.17225536,109.3622576,2.813617286,0.007772423,32.39934712,2.592103218,4.267060469,5.673869112,52.24623037,1,23.1633,no,0.01981774,0.007148556,0.017689
2109183,117,garden creek,0.036,0.864659,0.008243,0.023209,0.026509,0.049718,16698058.41,0.601130103,14.43812649,22.89722222,5.750012433,53.11285248,4.648049479,0.238292859,22.69404803,1.081688934,7.842244772,16.70727463,46.7884013,2,33.651,no,0.029291862,0.021132027,0.025395589
2109180,118,birch creek,0.015584,0.681406,0.005342,0.187374,0.038266,0.22564,7239147.064,0.112814868,4.932798244,34.27874743,33.11388511,96.69060431,5.253837072,1.515151515,33.33989243,6.080283353,6.132756133,0,47.6780795,2,13.7214,yes,0.012698967,0.003965875,0.008676425
2109178,119,parent creek,0.003987,0.948008,0.003987,0.92983,0.018178,0.948008,9075781.859,0.036185142,8.603913809,100,100,525.8029608,3.006096279,0.336346437,38.84275804,8.172167332,5.586504099,0,44.05612781,2,17.1513,no,0.015920806,0.001272046,0.015133644
2109176,120,no name,0.021019,0.676719,0.004282,0.065353,0.108719,0.174072,1745626.209,0.036691317,1.181298422,20.37204434,25.7229367,71.19566989,5.771396396,0.028153153,43.2713964,3.434684685,6.672297297,0,40.82207207,1,3.1968,no,0.003062191,0.00128984,0.002077816
2109162,121,bursaw creek,0.030526,0.507145,0.009009,0.162256,0.100187,0.262443,13835103.75,0.422330377,7.016403691,29.51254668,51.74910529,36.7383383,2.379952401,0.64748705,23.82402352,4.164916702,6.471370573,0,62.51224976,2,25.8273,no,0.024269645,0.014846532,0.012341332
2109160,122,gierke creek,0.01175,0.354926,0.005462,0.120648,0.076195,0.196843,2484509.585,0.029192988,0.881817049,46.48510638,55.46029313,66.7970386,4.370527944,0.038677238,54.65093792,8.489653839,7.600077354,0,24.8501257,1,4.6557,no,0.004358346,0.001026245,0.001551051
2109153,123,snyder creek,0.007158,0.315634,0.003912,0.044274,0.031801,0.076075,5980000.719,0.042804845,1.887491547,54.65213747,24.10228302,97.51004252,3.643724696,2.143367468,33.01579741,9.962689529,10.5025006,0.127014369,40.60490593,2,11.3373,no,0.010490163,0.001504754,0.003319957
2109145,124,thompson creek,0.006359,0.275001,0.006359,0.163901,0.048456,0.212357,14223620.29,0.090448001,3.911509804,100,77.22044647,95.63188337,8.84824518,0.065908716,48.6472236,15.57752513,10.30482781,0.810677212,15.74559235,2,27.4707,yes,0.024951184,0.003179594,0.006880054
2109143,125,southtown creek,0.005409,0.599217,0.004664,0.037611,0.172367,0.209978,6893483.111,0.03728685,4.130692269,86.22665927,35.04206323,244.9764885,4.873926857,0.358277564,14.51362131,0.73683499,3.298857568,0.128439127,76.09004259,1,13.3479,no,0.012092601,0.001310776,0.00726558
2109142,126,manistique river,0.010722,0.346869,0.003404,0.068644,0.011065,0.079709,1992229963,21.36068966,691.042815,31.74780824,22.97956866,71.53967224,3.062939972,0.115112227,39.12376197,3.722794719,4.361031914,1.006724938,48.60763426,6,3809.9529,yes,3.494785079,0.750910121,1.215492854
2109140,127,Orr creek,0.018178,0.934861,0.014025,0.678314,0.02095,0.699264,2013658.196,0.036604279,1.882490515,77.15370228,74.79871339,113.7255915,12.58924322,0.571156592,50.14278915,1.07091861,12.39885769,9.043312708,14.18372204,1,3.7818,yes,0.003532375,0.001286781,0.003311161
2109139,128,Snyder Creek,0.007775,0.458517,0.007065,0.068608,0.043319,0.111927,6191978.746,0.048142635,2.839127518,90.8681672,24.41065435,130.4104235,9.304368661,0.047919495,15.21443974,0.495168118,3.745707212,9.000878524,62.19151825,1,11.2689,no,0.010862017,0.001692398,0.004993814
2109137,129,Marblehead Creek,0.013755,0.92984,0.003023,0.144675,0.037773,0.182448,17286226.16,0.237772041,16.07342453,21.97746274,19.62144025,149.4875041,5.750157313,0.155814581,27.26455518,0.563329638,1.77988194,9.732418422,54.75384293,3,31.338,no,0.03032363,0.008358599,0.028271957
2109135,130,no name,0.007214,0.327922,0.003281,0.010493,0.033974,0.044467,1604702.047,0.011576321,0.526217105,45.48100915,13.56023689,100.5198141,0.956327702,0.318775901,21.07108703,0.28689831,6.853681862,0.22314313,70.29008607,1,2.8449,no,0.002814981,0.000406952,0.000925577
2109136,131,Gulliver Lake Outlet,0.017979,0.692347,0.004786,0.109521,0.13181,0.241331,11052102.59,0.198705752,7.651890069,26.61994549,34.85694312,85.15605681,8.346672765,0.245826664,22.89046421,0.234392865,2.463983535,8.575348731,57.24331123,2,19.3536,yes,0.019387683,0.006985269,0.013459105
2109133,132,Bulldog Creek,0.0122,0.56556,0.0015,0.008808,0.035396,0.044204,2903688.816,0.035425004,1.642210247,12.29508197,7.815970012,102.5123326,4.053608096,0.275007334,30.27464066,1.287034321,3.074581989,1.52537401,59.50975359,2,55.3842,yes,0.005093673,0.001245325,0.002888526
2109132,133,Milakokia River,0.003492,0.585133,0.0015,0.254011,0.079928,0.333939,95349661.18,0.332961017,55.79223329,42.95532646,57.07061471,370.5421504,2.887496595,8.578346802,24.92750991,1.874754079,6.038923696,0.216713581,55.47625533,4,159.3342,yes,0.167263107,0.011704856,0.098134384
2109131,134,hudson creek,0.008563,0.643036,0.003993,0.185935,0.011328,0.197263,5073786.306,0.043446832,3.262627251,46.63085367,30.67682058,166.0606005,0.938856942,0,35.14845675,0.891914095,0.539842741,0,62.48092947,1,7.8399,no,0.008900475,0.001527323,0.005738718
2109130,135,newton creek,0.004549,0.463415,0.0015,0.309675,0.010897,0.320572,3071021.89,0.013970079,1.423157609,32.97428006,69.17600855,225.2741766,3.347689898,0.274079875,60.31714957,1.566170713,3.563038371,0.626468285,30.30540329,1,4.698,no,0.00538721,0.000491102,0.002503228
2109116,136,rock river,0.012134,0.558932,0.003899,0.111548,0.01447,0.126018,26704122.99,0.324027828,14.92578887,32.13284984,22.54621314,101.8620107,4.577366399,0.401676563,28.33915473,1.835487251,4.219350332,5.754453371,54.87251135,2,51.6762,no,0.046844577,0.01139082,0.026253351
2109111,137,Lower millecoquins river,0.025379,0.361367,0.006378,0.008195,0.007776,0.015971,130121448.3,3.302352235,47.02159739,25.13101383,4.41960666,31.48699718,3.91692096,0.181422603,36.87536059,3.716382948,5.53756004,12.45629523,37.31605764,4,263.5416,yes,0.228260042,0.11609034,0.082707488
2109112,138,Matix Creek,0.020416,0.323319,0.014665,0.211521,0.010022,0.221543,2351233.687,0.048002787,0.760198524,71.83091693,68.52149116,35.02013618,2.785095973,0.018818216,36.69552126,0.207000376,1.561911931,0,58.73165224,1,4.7826,no,0.004124552,0.001687482,0.001337133
2109110,139,Black River,0.016626,0.378139,0.006207,0.149529,0.010909,0.160438,62816264.14,1.044383208,23.75327931,37.33309275,42.4283134,50.29455338,3.263933772,0.009626095,39.51924531,2.339141077,9.127600765,0.462740137,45.27771284,3,131.0922,no,0.110192772,0.036714073,0.04178025
2109113,140,hog island creek,0.009926,0.60295,0.0015,0.116252,0.028404,0.144656,4585385.74,0.045514539,2.764758332,15.11182752,23.99137574,134.3273012,3.007014334,0,42.24153705,3.315035072,8.850259225,0.21957914,42.36657518,2,29.5389,no,0.008043719,0.001600011,0.004863004
2109114,141,davenport creek,0.028995,0.409633,0.006546,0.151458,0.009251,0.160709,11568391.85,0.335425522,4.738795058,22.57630626,39.23243489,31.24129903,1.838976427,0.016456165,38.87357551,6.710001234,5.368823796,0,47.19216687,1,21.9609,no,0.020293362,0.011791493,0.008335188
2109115,142,Paquin Creek,0.012569,0.551971,0.010011,0.541744,0.010227,0.551971,34802678.64,0.437434868,19.21006933,79.64834116,100,97.11197697,2.539269607,0.132901639,36.97069095,2.871523703,5.618628851,0.230457097,51.63652816,3,65.196,yes,0.061051126,0.015377512,0.033789081
2109120,143,no name,0.094598,1.104409,0.020515,0.304677,0.118422,0.423099,1772096.729,0.167636806,1.957119576,21.686505,38.30999204,25.8169684,8.783783784,0.108108108,60.10810811,0.135135135,10.54054054,0.459459459,19.86486486,1,3.33,no,0.003108626,0.005893076,0.003442428
2109122,144,Brevort River,0.011293,0.455227,0.003593,0.026534,0.027427,0.053961,83984488.85,0.948436833,38.23200691,31.81616931,11.85364664,89.14068051,4.002030298,0.105419335,43.05468791,1.175230361,6.34272997,0.340985996,44.97891613,3,156.4344,yes,0.147326234,0.03334119,0.067247253
2109125,145,Pointe aux Chennes River,0.003979,0.298567,0.0015,0.079992,0.024839,0.104831,23186060.17,0.092257333,6.922592425,37.69791405,35.11138203,165.9300813,3.598983187,0.182847969,21.04758507,0.559693172,6.170004014,2.252151808,66.18873478,2,43.0371,no,0.040673165,0.003243199,0.012176325
2109134,146,Moran river,0.01729,0.832271,0.0015,0.028404,0.04671,0.075114,10437815.5,0.18046983,8.687091143,8.675534991,9.025185306,106.4454322,10.13667426,0.947401118,35.63367157,0.559121971,2.826672189,0.641954856,49.25450404,2,19.5381,no,0.018310096,0.006344206,0.015279946
2109154,147,French Farm Creek,0.016431,0.833194,0.003679,0.123851,0.100987,0.224838,20229088.14,0.332384147,16.85475487,22.39060313,26.9850719,112.1345382,7.78322926,0.700904804,16.52542373,0.563909774,2.33210144,0.165668408,71.92876258,2,31.1319,yes,0.035486022,0.011684577,0.029646259
2109155,148,Carp Lake river,0.005637,0.274062,0.0015,0.027562,0.055092,0.082654,79428081.78,0.447736097,21.76821895,26.60989888,30.15886916,107.5122742,6.863120504,0.134427218,23.52476312,1.448555111,7.13360436,8.580530051,52.31499963,2,118.8423,yes,0.13933335,0.01573964,0.038288676
2109186,149,Wycamp Creek,0.009472,0.663358,0.002483,0.042666,0.100049,0.142715,55196387.97,0.522820187,36.61496553,26.21410473,21.5140241,154.8686606,4.309759852,0.026480859,41.26214396,3.545125039,13.58633588,16.43468331,20.83547111,3,57.204,yes,0.096825927,0.018379134,0.064402998
2109191,150,no name,0.585278,2.288931,0.473912,0.634114,0.106227,0.740341,14456176.8,8.460882247,33.08919123,80.97211923,32.34440007,8.648240571,4.164691542,0.182840116,61.393648,1.598158055,16.40143563,11.98618541,4.273041241,2,13.2903,no,0.025359136,0.297432443,0.058201423
2109219,151,Bear River,0.015,0.517473,0.0015,0.207283,0.024766,0.232049,434143612.8,6.512154192,224.6575978,10,44.84272609,76.28755505,7.578560592,0.088978792,51.8451897,1.113515174,6.549863331,13.96678979,18.85710262,4,300.5118,yes,0.761578055,0.228927182,0.395155986
2109222,152,Susan Creek,0.109093,1.152709,0.005886,0.218824,0.181969,0.400793,37598924.16,4.101779434,43.34061827,5.395396588,34.76965999,23.36576798,5.784392259,0.016864117,35.5748556,1.235296598,10.41780851,29.37307644,17.59770648,2,21.9411,no,0.065956321,0.14419327,0.07623292
2109225,153,Pine River,0.003,0.407657,0.002746,0.279653,0.018885,0.298538,1467313816,4.401941447,598.1607482,91.53333333,73.23264411,300.4906133,8.196956265,0.24549606,52.39584044,1.504761398,7.950419967,16.42142103,13.28510484,5,854.0973,yes,2.573973148,0.154745115,1.052120214
2109227,154,mcgeach creek,0.008797,1.616137,0.003472,1.423188,0.014083,1.437271,43147110.26,0.379565129,69.73164134,39.46800045,88.93249768,406.2569857,5.192665054,0.708250061,21.96977666,1.865292241,6.363731987,40.34571018,23.55457382,2,25.992,no,0.075688992,0.013343169,0.122652765
2109229,155,Inwood Creek,0.041447,1.841225,0.030037,1.510083,0.020403,1.530486,22914071.9,0.949719538,42.18996204,72.47086641,83.12324675,98.23607968,5.806968362,0.153517554,27.90014684,0.881057269,7.755973835,25.63743158,31.86490455,1,13.8654,no,0.040196041,0.033386282,0.074209002
2109235,156,no name,0.009157,0.374648,0.005305,0.066344,0.025347,0.091691,4575852.099,0.041901078,1.714333837,57.93382112,24.47390617,90.47476528,6.893235011,0,30.49054184,2.789355563,8.881051619,33.72875922,17.21705675,1,2.808,no,0.008026995,0.001472984,0.003015386
2109238,157,antrim creek,0.01213,1.038011,0.006595,0.671736,0.022277,0.694013,11703622.64,0.141964943,12.14848904,54.36933223,66.85988877,189.2336715,7.251178794,0.573467567,35.88632598,1.847839939,12.52708041,25.32177902,16.59232828,2,7.0785,no,0.020530585,0.004990612,0.021368288
2109243,158,guyer creek,0.00945,0.424085,0.006784,0.187719,0.023543,0.211262,10878417.91,0.102801049,4.613373858,71.78835979,49.81595671,99.23808243,15.20718232,0.055248619,31.25690608,1.58839779,11.62983425,25.4558011,14.80662983,1,6.516,no,0.019083004,0.003613851,0.008114581
2109290,159,Golden Brook,0.020557,1.077708,0.011301,0.142081,0.20264,0.344721,14147647.79,0.290833196,15.24703321,54.9739748,31.98649356,115.9307463,8.926979094,0.475577133,21.49014168,0.406222134,6.400475577,38.55147132,23.74913306,2,9.0963,no,0.024817912,0.010223902,0.026818396
2109306,160,elk lake outlet,0.0015,0.56108,0.0015,0.164896,0.022331,0.187227,1884219857,2.826329785,1057.198077,100,33.36903828,827.1624102,8.901625418,0.202014834,50.19126936,2.908232124,12.73365536,16.65094572,8.412257182,5,1299.7665,yes,3.305312923,0.099356326,1.859532694
2109317,161,yuba creek,0.013967,1.726532,0.003141,1.506555,0.008493,1.515048,27399822.65,0.382693323,47.30667061,22.48872342,87.75093656,273.3560937,16.94375517,0.827129859,19.63606286,2.043010753,17.77915633,30.0082713,12.76261373,1,21.7728,no,0.048064979,0.013453137,0.083208911
2109330,162,Acme Creek,0.01211,0.347041,0.004489,0.183529,0.007892,0.191421,40804505.61,0.494142563,14.16083643,37.0685384,55.15803608,63.37148785,14.61830536,0.097422062,63.22442046,3.050059952,8.820443645,6.612210232,3.577138289,3,36.0594,yes,0.071579577,0.017371005,0.024907857
2109333,163,no name,0.020308,1.194709,0.008278,0.835023,0.024418,0.859441,4968610.881,0.10090255,5.936044138,40.76226118,71.93726673,130.0924945,22.12319271,0.138641315,62.30936819,3.248167954,6.060606061,4.020598138,2.099425629,1,4.5468,no,0.008715975,0.003547111,0.01044106
2109338,164,no name,0.012377,0.58016,0.008104,0.340774,0.068679,0.409453,7057076.723,0.087345439,4.094233632,65.47628666,70.57587562,103.6548559,20.16315432,0,54.1264446,2.52889191,10.61862678,1.930659415,10.63222298,1,6.6195,no,0.012379578,0.003070527,0.007201452
2109337,165,East Branch Mitchel Creek,0.00949,1.080863,0.006835,0.917852,0.033827,0.951679,43464671.46,0.412479732,46.97935518,72.0231823,88.048069,251.8614496,32.45040477,0.011120007,18.11004359,2.039409305,12.57228005,21.93087804,12.88586425,3,40.5135,no,0.07624606,0.014500244,0.082633187
2109334,166,Boardman River,0.01,0.662486,0.008574,0.405416,0.040313,0.445729,800606476.8,8.006064768,530.3905824,85.74,67.28127085,146.4987657,12.83791399,0.209893025,45.07127095,6.295538396,14.53308821,10.03241069,11.01988473,4,735.1434,yes,1.404430021,0.281443865,0.932917539
2109326,167,Cedar Creek,0.0015,0.728234,0.0015,0.478533,0.039254,0.517787,19100345.55,0.028650518,13.90952104,100,71.10173378,1073.586281,13.93387314,0.275528565,42.53823662,2.732793522,11.67903734,21.16509222,7.675438596,2,17.0631,yes,0.033505973,0.001007176,0.024465812
2109292,168,Leo Creek,0.012142,1.651585,0.007058,1.360658,0.023771,1.384429,13951178.25,0.169395206,23.04155673,58.12880909,83.82426578,300.793164,12.75306871,0.526064084,23.21058505,1.697752272,15.73409852,28.20022318,17.87820819,1,11.3085,yes,0.024473264,0.005954891,0.040528383
2109279,169,no name,0.003065,1.97871,0.0015,1.914863,0.010528,1.925391,4714433.711,0.014449739,9.328497129,48.93964111,97.30536562,1427.60786,6.697071531,0.264042247,25.34805569,3.192510802,7.41718675,56.02496399,1.056168987,1,3.7494,no,0.008270096,0.000507964,0.016408132
2109276,170,Bellangers Creek,0.013008,1.567044,0.004715,1.1931,0.027894,1.220994,33896470.76,0.440925292,53.11726113,36.24692497,77.91702084,266.3961373,6.850687487,0.086367719,31.3618462,2.760312306,10.10847786,38.85856422,9.973744213,2,26.4402,yes,0.059461449,0.015500214,0.093429307
2109269,171,Weaver Creek,0.012361,1.600513,0.009099,0.52109,0.026548,0.547638,7140052.463,0.088258189,11.42774679,73.61054931,34.21640437,286.3273675,5.128205128,0.016542597,40.23159636,1.885856079,7.841191067,34.07775021,10.81885856,1,5.4405,no,0.012525135,0.003102614,0.020100556
2109258,172,Shady trail creek,0.025071,0.597547,0.019025,0.150852,0.063977,0.214829,3967302.195,0.099464233,2.370649525,75.88448805,35.95181634,52.70571074,8.678795109,0.417536534,25.35043245,1.491201909,2.892931703,57.62004175,3.549060543,1,3.0177,no,0.006959472,0.003496549,0.004169796
2109248,173,Northport Creek,0.023729,0.948114,0.01966,0.580622,0.024752,0.605374,15213586.49,0.361003194,14.42421435,82.85220616,63.85033867,88.35647553,10.74272588,1.539050536,32.36600306,2.679938744,11.7151608,30.34456355,10.61255743,2,11.754,yes,0.02668779,0.012690646,0.025371119
2109256,174,Roaring Brook ,0.002133,1.717721,0.0015,1.710241,0.00748,1.717721,4709870.592,0.010046154,8.090243623,70.32348805,100,1780.815924,7.260879684,0,63.13707238,1.69885967,12.70653945,15.05701652,0.139632302,1,3.8673,no,0.008262091,0.000353161,0.014230136
2109259,175,Gills Creek,0.00975,0.854954,0.002337,0.574346,0.011983,0.586329,3542458.914,0.034538974,3.028639419,23.96923077,68.58018092,193.9078511,8.858812673,0.030759766,50.01537988,2.214703168,10.82743771,20.6705629,7.382343894,1,2.9259,no,0.006214209,0.001214177,0.005327151
2109275,176,Leland River,0.002081,0.384174,0.0015,0.104588,0.025696,0.130284,407726783.8,0.848479437,156.6380294,72.08073042,33.91275828,408.237739,8.496574698,0.330356254,35.85167724,2.029726529,13.37998163,27.03249333,12.87919032,3,361.7388,yes,0.715237451,0.029827305,0.27551463
2109304,177,Shalda Creek,0.008751,0.430432,0.002023,0.10298,0.046652,0.149632,82965235.86,0.726028779,35.7108924,23.11735802,34.76321463,108.7687476,8.879831138,1.102700342,52.41890482,1.631608317,15.43416551,12.81631366,7.716476211,3,81.2025,no,0.145538253,0.025522695,0.062812801
2109311,178,Crystal River,0.015695,0.259383,0.0015,0.01538,0.020844,0.036224,115812736.3,1.817680896,30.03985498,9.557183817,13.96544878,36.54579802,6.936874916,3.073069053,69.07043008,1.263075364,10.8704798,3.449792515,5.336278278,4,120.3309,yes,0.20315959,0.063898451,0.052837868
2109346,179,Otter Creek,0.008167,0.811637,0.0015,0.560945,0.014281,0.575226,7043018.934,0.057520336,5.716374759,18.36659728,70.87232346,219.7639954,5.167958656,0.147655962,66.61744801,0.725975145,7.715023994,0.799803125,18.82613511,1,7.7247,no,0.012354918,0.00202206,0.010054678
2109360,180,Platte River,0.00369,0.220505,0.0015,0.004733,0.004716,0.009449,432963278.5,1.597634498,95.47056772,40.6504065,4.285163602,132.1445743,7.233354615,0.320597303,58.27959131,2.295531358,13.21321673,9.913329389,8.744379297,4,498.9402,yes,0.759507503,0.056162977,0.167925619
2109381,181,Betsie,0.025,0.34377,0.010793,0.05107,0.0015,0.05257,511510292.1,12.7877573,175.8418931,43.172,15.29220118,30.40781583,9.055833905,0.121315094,49.64989172,3.441712441,12.73760221,8.214833908,16.77881073,4,618.9471,no,0.897295277,0.449538687,0.309292796
2109393,182,Herring lake Outlet,0.01187,0.49571,0.0015,0.083109,0.037442,0.120551,48386086.38,0.574342845,23.98546688,12.63689975,24.31885578,92.34943055,6.570835173,0.080132136,44.94268099,1.538864086,7.880750298,25.71750969,13.26922762,3,58.8735,yes,0.084879244,0.020190353,0.04218865
2109405,183,Bowens Creek,0.052089,0.507739,0.02086,0.01026,0.036201,0.046461,51479447.49,2.68151294,26.13812319,40.0468429,9.150567516,21.55518547,6.084234571,0.228423175,44.91476432,1.933136871,16.09396371,22.93255876,7.8129186,3,64.4634,no,0.090305642,0.094265459,0.045975012
2109418,184,Hansen Creek,0.00693,0.349622,0.0015,0.039331,0.017353,0.056684,49030851.09,0.339783798,17.14226422,21.64502165,16.21293855,111.5636666,12.75967297,0.78656636,39.54699,1.778749653,14.33117381,25.62541817,5.171429038,2,63.8325,no,0.086010295,0.011944703,0.030151966
2109428,185,Manistee River,0.011102,0.291273,0.0015,0.029503,0.015868,0.045371,3538895944,39.28882277,1030.784838,13.51107908,15.57679565,58.01713339,6.068187735,0.156433002,56.13977403,5.220063964,11.45223627,9.141060149,11.82224485,5,5050.0872,yes,6.207958404,1.381152721,1.813073773
2109434,186,Magoon Creek,0.027439,0.727012,0.004479,0.155595,0.050872,0.206467,8853527.123,0.242931931,6.436620461,16.32348118,28.39939368,58.59095278,5.858599685,0.225857231,63.43166108,3.558962426,10.49893916,10.99856273,5.427417699,2,13.1625,no,0.015530925,0.008539989,0.011321536
2109438,187,Gurney Creek,0.057901,1.293572,0.00493,0.270951,0.082861,0.353812,31789459.08,1.84064147,41.12195416,8.514533428,27.35155059,49.4039647,8.86437451,0.332250719,53.25904357,5.532534438,11.56904469,5.233882107,15.20886997,2,48.4731,no,0.055765313,0.064705603,0.072330455
2109442,188,Cooper Creek,0.025256,0.980361,0.006521,0.147165,0.163854,0.311019,11839174.33,0.299010187,11.60666479,25.81960722,31.72494622,85.83782762,4.116411934,0.175789833,56.40412129,1.460032228,8.042384882,0.112310171,29.68894966,2,18.4482,no,0.02076837,0.010511354,0.020415259
2109447,189,Big Sable River,0.014154,0.367655,0.0015,0.007094,0.027821,0.034915,273100557.2,3.865465287,100.4067854,10.59771089,9.496674872,57.44054423,5.477788667,0.894781503,54.2492362,3.125057786,5.222195512,12.26066393,18.77027641,4,461.3454,yes,0.479075092,0.135885922,0.176608059
2109451,190,Lincoln River,0.040377,0.421883,0.017129,0.014255,0.047669,0.061924,155294466.2,6.270324661,65.51609527,42.42266637,14.67800314,23.10549295,8.3,0.10070922,34.16843972,2.855319149,9.786524823,28.5177305,16.2712766,3,260.0964,no,0.272418744,0.220425947,0.115237933
2109454,191,Pere Marquette River,0.035846,0.843021,0.012113,0.596541,0.036206,0.632747,1166928437,41.82971675,983.7451778,33.79177593,75.05708636,52.00617984,6.019958123,0.085496209,57.74404625,3.623827863,5.336035045,12.44782868,14.74280784,5,1957.581,yes,2.047034813,1.470474884,1.730334514
2109459,192,Kibby Creek,0.019939,0.541942,0.003003,0.00613,0.030238,0.036368,35046761.42,0.698797376,18.99331198,15.06093585,6.710681217,60.10445965,13.19704068,0.687773098,21.0417554,2.102755825,7.557616772,45.36936255,10.04369568,3,59.6862,yes,0.061479298,0.024565406,0.033407821
2109461,193,Pentwater River,0.003532,0.470822,0.0015,0.305958,0.022795,0.328753,251967821.7,0.889950346,118.6319937,42.46885617,69.82532677,294.7768093,7.616890584,0.211471724,32.46996094,1.916616782,9.847012139,34.4194916,13.51855623,5,442.2366,yes,0.442003885,0.031285166,0.208664843
2109471,194,Silver creek,0.022894,0.931529,0.0015,0.125739,0.234701,0.36044,30530976.88,0.698976185,28.44049036,6.551935005,38.69337401,89.97709387,10.64085804,3.153782162,40.17469844,2.449640502,9.34101848,27.45112603,6.788876344,3,64.1268,yes,0.053557674,0.024571692,0.050024705
2109474,195,Stony Creek,0.012241,1.045572,0.0015,0.779988,0.043312,0.8233,64356589.4,0.787789011,67.28944789,12.25390083,78.74158834,188.8836243,10.96552695,0.253973305,33.81578062,2.383677166,9.46739044,38.70553172,4.408119802,3,148.6989,yes,0.112894823,0.027693803,0.118357128
2109478,196,Flower Creek,0.02315,3.463304,0.013265,3.439657,0.023647,3.463304,33633571.49,0.77861718,116.4832827,57.30021598,100,330.8239021,10.07474951,1.56708901,27.79833537,1.276573186,9.171393734,45.75836293,4.353496263,3,85.3731,no,0.059000269,0.027371378,0.20488542
2109479,197,Little flower Creek,0.023617,2.971964,0.013666,2.817478,0.052502,2.86998,2302110.362,0.05436894,6.84178912,57.86509718,96.56846449,278.2762073,5.774798111,1.493219564,35.6849002,2.727411245,5.835745848,42.09964955,6.384275484,1,5.9067,no,0.00403838,0.001911277,0.012034198
2109480,198,White River,0.013268,0.318,0.0015,0.014632,0.00941,0.024042,504195013.4,6.689659437,160.3340142,11.30539644,7.560377358,53.000372,7.404815101,0.237396471,50.33080696,3.138697527,7.305763244,18.51666236,13.06585833,4,1393.7562,yes,0.884462759,0.235167172,0.282015592
2109481,199,Duck Creek,0.005524,0.24469,0.0015,0.004424,0.006416,0.01084,19874014.91,0.109784058,4.862972708,27.15423606,4.430095223,97.95346691,13.9583604,0.360530077,56.62595817,1.926075094,14.66480447,2.588670911,9.875600883,3,56.4678,no,0.034863149,0.00385933,0.008553607
2109488,200,Muskegon,0.018764,0.495051,0.0015,0.048487,0.016415,0.064902,2218107696,41.62057281,1098.076433,7.994031123,13.11016441,58.34206255,8.893420371,0.215528421,41.19382049,3.206856475,7.272009264,20.39894571,18.81941927,6,7061.8563,yes,3.89102153,1.463122673,1.931434678
2109489,201,Mona Lake Outlet,0.022038,0.617384,0.0015,0.094931,0.030206,0.125137,55459941.38,1.222226188,34.24008045,6.806425265,20.26890882,61.94987754,38.66969859,0.20710771,26.28899782,0.291083046,4.546934193,20.90278204,9.093396614,3,193.8681,no,0.097288254,0.042965936,0.060225752
2109490,202,Little Black Creek,0.014265,0.792535,0.0015,0.009693,0.048493,0.058186,7565273.096,0.107918621,5.995743713,10.51524711,7.341757777,122.8581398,43.66493229,0.292891355,32.08710933,0.196409497,4.899900072,4.968815685,13.88994177,2,27.0963,yes,0.01327106,0.003793753,0.010546067
2109493,203,Grand River,0.075022,1.132612,0.0015,0.175834,0.105081,0.280915,4364737999,327.4513741,4943.554634,1.999413505,24.80240365,33.38487709,15.04676726,0.38741135,16.89084402,0.255386722,0.948920695,54.28126848,12.18940147,6,14456.2365,yes,7.65665687,11.51117098,8.695344483
2109494,204,little pigeon creek,0.04259,0.475367,0.010679,0.165311,0.05077,0.216081,9156101.107,0.389958346,4.352508315,25.07396102,45.4556164,24.68190352,14.44377885,0.458085204,44.19465097,1.701962719,10.62052926,11.76574227,16.81525071,2,25.5645,no,0.016061703,0.013708531,0.007655738
2109495,205,Pigeon River,0.128441,1.087528,0.010083,0.063843,0.027323,0.091166,64763094.85,8.318236666,70.43167902,7.850297024,8.382864625,18.72380157,13.31742767,1.194021665,24.43000137,0.680652681,3.999451529,48.42506513,7.953379953,3,164.8197,no,0.113607918,0.292417904,0.123884079
2109501,206,macatawa river,0.043612,0.934601,0.0015,0.159996,0.029383,0.189379,224852154.2,9.806252148,210.1470482,3.439420343,20.26308553,47.38899502,35.06460666,0.856240336,7.5187892,0.188202911,0.912825572,51.59309204,3.866243279,4,442.3725,yes,0.394437373,0.344727352,0.369633009
2109506,207,Kalamazoo River,0.062061,1.136797,0.004074,0.333628,0.04816,0.381788,3125194745,193.9527111,3552.712011,6.564509112,33.5845362,40.50619139,13.99892209,0.463500089,21.92658876,0.39384667,1.387897216,49.14999943,12.67924574,5,5272.1784,yes,5.482240588,6.81818125,6.248955877
2109510,208,Pier Cove creek,0.018751,1.195532,0.012973,0.922856,0.035794,0.95865,3216606.523,0.060314589,3.84555603,69.18564343,80.18605943,140.9918574,9.562488462,0.203064427,31.88111501,1.329148975,3.525936865,46.15100609,7.34724017,1,4.8861,no,0.005642596,0.002120289,0.006764047
2109512,209,Plummerville,0.006108,0.287254,0.005189,0.195745,0.04223,0.237975,8125218.393,0.049628834,2.334001484,84.95415848,82.84479938,103.9978395,10.18286388,0.420291992,28.1448164,0.49402743,7.72010028,44.61731308,8.420586934,2,12.213,no,0.01425332,0.001744644,0.004105335
2109513,210,Glenn Creek,0.084752,0.531905,0.006214,0.157939,0.029717,0.187656,6606363.137,0.559902489,3.513957584,7.331980366,35.27998421,13.87846319,13.73662168,0.390879479,29.16705444,0.418799442,4.839460214,41.72173104,9.725453699,2,9.6705,no,0.011588933,0.019682719,0.00618079
2109514,211,Sylvan Spring Creek,0.023191,0.824103,0.008442,0.586493,0.024765,0.611258,2501111.798,0.058003284,2.061173736,36.40205252,74.17252455,78.58131279,17.37729301,0.272682201,42.63758057,0.396628656,3.941497273,25.33465543,10.03966287,1,3.6441,no,0.004387469,0.002039038,0.003625451
2109520,212,Black river,0.049691,1.621466,0.02354,1.159042,0.062663,1.221705,543588253.1,27.01144389,881.4098705,47.37276368,75.34570568,72.15847903,8.736757038,0.216610761,24.82069033,0.56545126,3.938478116,44.62501491,17.09699759,5,742.1697,yes,0.953566682,0.949555792,1.550334329
2109522,213,Deerlick Creek,0.015532,0.698705,0.00714,0.278866,0.04914,0.328006,14543880.43,0.225895551,10.16188198,45.96961113,46.94484797,99.47724062,21.97359277,0.032429928,28.20013899,0.333564976,6.986333102,26.44892286,16.02501737,2,19.4328,no,0.025512987,0.007941095,0.017873994
2109524,214,no name,0.116128,1.364731,0.013366,0.230024,0.073809,0.303833,5980903.4,0.69455035,8.162324279,11.50971342,22.26321524,25.98767165,20.58722724,0.262767051,41.34582429,0.479835485,9.996572604,11.43607906,15.89169428,2,7.8777,no,0.010491747,0.024416107,0.014356921
2109527,215,Brandywine Creek,0.01806,0.816187,0.010011,0.241521,0.100281,0.341802,32745862.27,0.591390273,26.72674709,55.43189369,41.87790298,99.93766265,9.795448623,0.63189438,38.26543907,0.366976461,10.88986363,16.35759576,23.69278207,3,41.4981,no,0.057443043,0.020789635,0.047010358
2109534,216,St. Joseph River,0.029034,1.70439,0.0015,1.11522,0.058312,1.173532,9240360086,268.2846147,15749.17733,5.166356685,68.8534901,129.8133524,14.04596565,0.246862137,11.63242281,0.287121395,0.994699889,60.05446495,12.73846317,6,12225.9825,yes,16.20951052,9.431232588,27.70163017
2109536,217,Weko Creek,0.042868,1.457316,0.023784,0.833928,0.06561,0.899538,4146133.882,0.177736467,6.042227244,55.48194457,61.72566554,75.17575038,54.74938661,0.94637224,24.80429957,0.105152471,4.533239864,13.00385559,1.857693656,1,7.7031,no,0.00727318,0.006248118,0.010627828
2109542,218,galien River,0.064732,1.359522,0.038819,0.78768,0.088684,0.876364,222549229.3,14.40605671,302.5605734,59.96879441,64.46118562,46.44345018,8.285273672,0.53438634,20.75700426,0.823737962,8.138610556,48.13570909,13.32527812,5,455.4963,yes,0.390397565,0.506428114,0.532181519
2109544,219,White Ditch,0.023693,1.540946,0.014708,0.856046,0.065829,0.921875,11871460.54,0.281270515,18.29327963,62.07740683,59.82526318,143.821769,26.84786574,0.069317767,33.54615104,0.149580445,7.406056184,9.868661073,22.11236775,2,24.7833,no,0.020825007,0.009887737,0.032176517
2109547,220,Trail Creek,0.04703,2.969778,0.020869,2.583949,0.081287,2.665236,43710494.74,2.055704568,129.8104657,44.37380395,89.74529409,139.6388513,22.43200344,0.071606736,28.46009715,5.063192944,11.70591114,19.4812092,12.7859794,4,151.2738,yes,0.076677285,0.072265895,0.228326943
2109548,221,no name,0.0574,1.328671,0.021415,0.360659,0.128691,0.48935,12882154.83,0.739435687,17.11614554,37.30836237,36.83003543,51.18737097,41.76175514,0.465795711,16.96709112,3.359792735,5.636403726,6.173860316,25.63530125,2,32.8788,no,0.022597975,0.025993999,0.030106025
2109551,222,Dunes Creek,0.054893,0.881777,0.024095,0.149043,0.10256,0.251603,12417387.96,0.681627677,10.94936711,43.89448564,28.53363152,35.52213504,23.97003745,0.24785195,35.45384446,3.679224499,4.549460234,1.239259749,30.86032166,2,16.398,yes,0.021782677,0.023961826,0.019259121
2109555,223,Portage Burns waterway,0.095713,1.644732,0.061513,0.990741,0.18692,1.177661,1013595431,97.01425945,1667.09284,64.26817674,71.6019996,37.99981428,38.31029267,0.277545667,13.12894662,4.486635711,6.567382038,27.59241826,9.636779032,5,858.1266,yes,1.778056878,3.410423092,2.932292167
2109554,224,Calumet River,0.045914,1.625217,0.020636,1.123141,0.169038,1.292179,11798192.12,0.541702193,19.1746224,44.94489698,79.5080903,78.27507408,89.28780678,0.559859384,0.683549248,0.022784975,2.68211705,1.692598138,5.071284422,2,28.5219,no,0.020696479,0.019042909,0.033726733
2109531,225,Waukegan River,0.05696,1.57418,0.026729,0.986812,0.131952,1.118764,11339817.3,0.645915994,17.8509136,46.92591292,71.06963626,61.11413518,90.35654082,0,5.648675297,0.066791769,1.173626793,0.047708406,2.706656913,2,28.314,no,0.019892394,0.022706423,0.031398428
2109526,226,Bull Creek,0.02782,1.802828,0.002068,0.009415,0.92236,0.931775,5212863.441,0.145021861,9.397896172,7.433501078,51.68407635,143.3027186,73.12576189,0.177773263,12.60666396,0.152377082,2.427874848,1.21901666,10.2905323,2,17.73,no,0.009144445,0.005098074,0.0165302
2109523,227,Kellog Creek,0.019048,0.634124,0.003545,0.108124,0.110277,0.218401,3878705.963,0.073881591,2.45958054,18.61087778,34.44137109,73.61767015,58.41186959,2.852776363,12.792919,0.706826286,5.973000509,10.22669384,9.035914417,2,14.2758,no,0.006804056,0.002597221,0.004326219
2109521,228,no name,0.075752,0.675817,0.024027,0.007866,0.036239,0.044105,2192683.385,0.166100152,1.481852707,31.71797444,6.526174985,19.72841838,54.70711297,0,11.89330544,0.010460251,3.734309623,16.64225941,13.0125523,1,8.604,no,0.003846422,0.005839057,0.002606469
2109519,229,no name,0.008665,0.567583,0.003,0.290514,0.037797,0.328311,1196099.898,0.010364206,0.678885969,34.6220427,57.84369863,144.8498577,46.45953757,0.596098266,18.69580925,0.23482659,8.815028902,22.47109827,2.727601156,1,4.9824,no,0.002098208,0.000364342,0.00119411
2109518,230,barnes creek,0.045456,1.120758,0.005861,0.007766,0.110742,0.118508,2838768.453,0.129039059,3.181572453,12.8937874,10.57391515,54.5227675,48.81730119,0.277840354,16.14477735,0.698355485,4.595629646,24.93804911,4.528046857,1,12.0672,no,0.004979789,0.004536218,0.005596149
2109515,231,Pike River,0.043446,1.399705,0.0015,0.772914,0.015744,0.788658,27934082.25,1.213624138,39.0994746,3.452561801,56.3445869,71.24329163,41.14733943,0.446462301,6.980609799,0.427230079,4.216664721,44.61738181,2.164311864,3,131.454,no,0.049002181,0.04266354,0.068773064
2109508,232,Root River,0.061706,1.2176,0.035913,0.593327,0.161316,0.754643,84131436.41,5.191414415,102.438437,58.20017502,61.97790736,43.63495228,34.50360876,0.415293052,9.174952308,0.552962172,1.863192411,48.86462537,4.625365931,4,514.26,yes,0.147584011,0.182498116,0.180181583
2109505,233,no name,0.379087,3.161596,0.051282,2.174305,0.058509,2.232814,826205.6468,0.31320382,2.612128468,13.52776539,70.6230018,18.44271023,82.97219213,5.290718671,2.491874323,0,3.882267967,1.570964247,3.791982665,1,5.022,no,0.001449336,0.011010315,0.004594539
2109504,234,no name,0.199585,1.610546,0.015356,0.05298,0.113471,0.166451,1263006.428,0.252077138,2.034129951,7.693964977,10.33506649,17.84442244,58.34056399,0.347071584,14.63123644,0.151843818,1.095444685,21.75704989,3.676789588,2,8.298,no,0.002215576,0.008861478,0.003577883
2109500,235,Oak Creek,0.032837,0.64303,0.00855,0.321849,0.043112,0.364961,14091845.61,0.462733934,9.061479485,26.03770137,56.75644993,43.30370174,69.71935965,0.235919373,12.09151598,1.042193272,3.111024694,10.25471515,3.545271891,2,69.5016,yes,0.024720024,0.016266872,0.015938468
2109496,236,Milwaukee River,0.065604,0.861186,0.050176,0.28811,0.126533,0.414643,1518004667,99.58717815,1307.284367,76.48314127,48.14790301,29.02845367,30.21240094,0.171435786,12.15915314,0.706649947,0.826447959,43.63741027,12.28650196,5,2239.6761,yes,2.662895428,3.500871047,2.299415856
